ID,Gene_name,Variant_effect,DNetsurfp,DNetsurfp_envt
1,KCNQ1,missense,-0.001,-0.00025
4,GJB3,missense,0.0,-0.007375
5,GJB3,missense,0.001,0.0015
7,SLC26A4,missense,-0.007,0.005625
8,FOXI1,missense,0.015,-0.01675
9,CDH23,missense,0.003,0.02325
10,ATP2B2,missense,0.0,0.006375
14,CDH23,missense,0.011,0.016125
15,CDH23,missense,0.001,0.000875
17,DYNC2H1,missense,0.046,0.009
18,NPHS2,missense,-0.005,0.001875
20,PROKR2,missense,-0.004,0.00025
21,KAL1,missense,0.032,-0.038625
22,FGFR1,missense,-0.019,0.00575
24,FGFR1,missense,-0.025,0.006625
25,GNRHR,missense,0.008,0.002625
26,GNRHR,missense,0.017,0.001125
27,KAL1,missense,0.079,-0.0605
28,NSMF,missense,-0.002,-0.001
33,TJP2,missense,-0.001,0.000375
35,OTUD4,missense,0.045,-0.03375
36,RNF216,missense,0.01,-0.008875
37,EDNRB,missense,0.024,0.0115
39,PARK7,missense,0.013,0.003625
40,PINK1,missense,0.012,0.000375
43,CYP1B1,missense,0.041,-0.004
44,MYOC,missense,0.084,0.01175
45,MYOC,missense,-0.027,0.00325
47,TYR,missense,0.019,0.006125
48,OCA2,missense,0.011,0.006875
50,OCA2,missense,-0.031,-0.001875
54,FGG,missense,0.022,0.015125
55,FGA,missense,-0.059,-0.0355
56,SLC3A1,missense,0.002,-0.007875
57,SLC7A9,missense,0.007,0.002
58,SLC7A9,missense,0.01,0.011875
59,SLC3A1,missense,0.0,0.00425
61,FZD4,missense,0.048,0.01525
62,LRP5,missense,0.023,-0.000125
63,HAMP,missense,-0.108,-0.010375
66,LMNA,missense,-0.03,0.004875
67,GDAP1,missense,0.164,0.029875
69,CPOX,missense,0.012,0.0025
70,ALAD,missense,0.067,-0.0035
71,POLG,missense,0.009,0.004
72,SCN1A,missense,0.019,0.0155
73,SCN2A,missense,0.053,-0.026125
75,GGCX,missense,-0.008,0.004875
76,PITX2,missense,-0.008,-0.030625
78,KRT14,missense,0.017,0.00175
79,KRT5,missense,0.017,0.01125
80,F5,missense,0.03,0.004375
84,HFE,missense,-0.002,-0.002
86,KCNQ1,missense,0.008,0.002375
87,KCNE1,missense,-0.025,0.02625
88,KCNQ1,missense,-0.013,-0.004125
89,KCNE1,missense,0.025,0.019
90,KCNQ1,missense,-0.002,-0.03
91,KCNQ1,missense,-0.006,-0.020875
92,KCNH2,missense,0.024,-0.0395
93,KCNE1,missense,0.013,0.000625
94,KCNH2,missense,-0.005,0.001125
95,KCNH2,missense,0.095,-0.02225
97,KCNH2,missense,0.004,0.01275
98,KCNH2,missense,0.002,-0.00375
99,KCNH2,missense,0.018,0.00225
100,SCN5A,missense,-0.021,-0.00925
101,KCNE1,missense,0.008,0.0045
102,SCN5A,missense,-0.006,-0.005125
105,KCNQ1,missense,0.036,0.03475
106,KCNH2,missense,0.1,-0.045
107,SCN5A,missense,-0.01,0.0025
108,KCNH2,missense,0.009,0.001625
109,KCNE2,missense,0.057,0.01825
110,CAV3,missense,0.005,0.002875
111,KCNH2,missense,-0.05,0.022
112,BBS2,missense,0.004,-0.000875
113,MKKS,missense,0.014,0.013125
115,MKKS,missense,-0.126,-0.021625
118,BBS4,missense,0.0,-0.007125
119,BBS2,missense,0.054,0.040875
120,BBS1,missense,-0.004,-0.00225
121,BBS7,missense,0.001,-0.00175
123,BBS1,missense,-0.004,0.002
124,MKKS,missense,0.003,-0.00325
126,MKKS,missense,-0.015,0.016125
127,BBS2,missense,0.094,0.0385
128,BBS4,missense,0.078,-0.044125
130,BBS4,missense,-0.048,-0.0885
131,BBS2,missense,0.006,0.01375
132,BBS4,missense,0.007,0.00225
136,BBS7,missense,0.023,0.002375
140,BBS2,missense,-0.001,-0.000375
141,BBS2,missense,-0.035,-0.00775
143,CEP290,missense,-0.004,-0.0085
144,BBS10,missense,-0.011,-0.004625
146,BBS5,missense,0.001,0.000125
149,BBS10,missense,0.001,0.0085
151,BBS12,missense,0.0,0.00275
152,BBS12,missense,-0.006,-0.004625
153,BBS10,missense,0.003,0.00125
155,BBS4,missense,-0.014,-0.029
157,BBS10,missense,0.011,0.00975
159,BBS10,missense,-0.017,0.000375
163,BBS10,missense,-0.017,-0.013375
165,BBS12,missense,-0.004,-0.001375
167,BBS12,missense,0.004,-0.00425
168,MKKS,missense,0.02,0.007375
170,BBS2,missense,-0.043,0.001375
171,BBS10,missense,0.077,0.013375
174,TTC8,missense,-0.003,-0.00875
175,BBS9,missense,-0.008,0.000625
178,MKKS,missense,0.114,0.043375
179,BBS10,missense,-0.003,0.01275
180,ARL6,missense,-0.024,-0.01175
181,TTC8,missense,0.0,0.00425
182,TTC8,missense,-0.016,-0.00675
184,BBS12,missense,0.197,0.00875
185,BBS1,missense,0.014,-0.01025
186,NPHS2,missense,0.0,-0.00525
187,CD2AP,missense,0.003,-0.012625
188,NPHS1,missense,0.024,0.00625
191,NPHS1,missense,-0.001,-0.003
192,TYR,missense,-0.018,-0.006
193,SLC45A2,missense,-0.048,0.001
195,SLC45A2,missense,0.013,0.00275
196,OCA2,missense,-0.001,-0.02175
197,SLC45A2,missense,-0.023,0.000125
199,OCA2,missense,0.013,-0.023875
200,IL10RA,missense,-0.012,0.00875
201,IL10RA,missense,0.041,-0.0025
202,NOD2,missense,-0.004,0.002125
203,EDA,missense,-0.021,-0.0065
205,MTR,missense,0.006,0.006375
206,MYO7A,missense,0.007,-0.03625
208,EDA,missense,0.024,-0.0005
209,WNT10A,missense,-0.011,-0.032625
210,EDA,missense,0.026,0.03975
212,EDA,missense,0.02,-0.00225
213,WNT10A,missense,-0.12,-0.02625
215,MYO6,missense,0.011,-0.00625
217,CPT2,missense,-0.04,-0.03975
219,FGFR1,missense,-0.011,-0.025625
220,GNRHR,missense,-0.002,-0.002875
221,KAL1,missense,-0.037,-0.010875
222,PROKR2,missense,-0.007,-0.013375
223,FGFR1,missense,-0.001,-0.015
224,KISS1R,missense,-0.018,-0.0175
225,PROK2,missense,-0.024,-0.00275
226,PROKR2,missense,0.002,0.00875
227,FGFR1,missense,0.011,0.003375
228,KAL1,missense,-0.065,0.002125
230,SCN5A,missense,-0.07,-0.079125
231,KCNQ1,missense,-0.016,-0.010375
233,KCNJ10,missense,0.032,0.011125
234,SLC26A4,missense,-0.02,-0.009625
235,KCNJ10,missense,-0.004,-0.00125
238,GDNF,missense,-0.017,-0.063125
245,MFN2,missense,-0.007,0.00425
247,MYO7A,missense,-0.048,-0.002875
248,CDH23,missense,0.017,-0.021875
250,CDH23,missense,0.105,-0.0205
252,GPR98,missense,-0.009,0.001125
255,DFNB31,missense,0.027,-0.01075
256,MYO7A,missense,0.175,0.013625
258,USH2A,missense,-0.083,-0.0075
266,IL17RD,missense,0.014,0.00075
267,FGFR1,missense,-0.023,-0.0085
268,IL17RD,missense,0.009,0.006
269,KISS1R,missense,0.014,0.004375
270,DUSP6,missense,0.078,0.0265
271,FGFR1,missense,-0.009,-0.01275
272,DUSP6,missense,-0.007,-0.009875
274,DUSP6,missense,0.029,0.0085
275,FGFR1,missense,0.014,-0.016625
276,FGFR1,missense,0.003,-0.002125
277,FLRT3,missense,0.01,-0.002625
279,ITGA7,missense,0.003,0.022375
281,HNF4A,missense,0.03,-0.010625
283,NPHS2,missense,0.003,0.00075
284,NPHS1,missense,0.064,-0.016375
286,EDA,missense,0.067,-0.004875
287,USH2A,missense,0.069,-0.00025
289,MKKS,missense,-0.08,-0.007125
290,BBS2,missense,0.0,0.000125
293,KAL1,missense,-0.001,-0.00075
295,LMNA,missense,0.004,0.004
296,PRF1,missense,-0.04,-0.0005
298,PRF1,missense,-0.014,-0.014625
300,PRF1,missense,-0.006,-0.006
301,UNC13D,missense,0.016,0.005
302,UNC13D,missense,0.118,-0.02825
303,UNC13D,missense,-0.064,0.01875
304,UNC13D,missense,0.018,0.018875
305,PRF1,missense,0.027,0.05325
306,UNC13D,missense,0.04,0.016625
307,UNC13D,missense,-0.015,-0.00275
308,PRF1,missense,0.302,0.049125
309,UNC13D,missense,0.147,0.025625
310,UNC13D,missense,-0.006,0.003875
312,UNC13D,missense,0.073,-0.005625
313,PRF1,missense,-0.016,-0.001
314,UNC13D,missense,0.073,-0.021125
315,STXBP2,missense,-0.01,0.0265
316,PRF1,missense,-0.021,-0.007
317,STXBP2,missense,0.067,-0.0005
318,STXBP2,missense,-0.031,-0.00825
320,STXBP2,missense,0.0,0.00175
323,STXBP2,missense,-0.004,-0.002
324,UNC13D,missense,-0.008,-0.01325
325,STX11,missense,-0.013,0.002875
326,STXBP2,missense,-0.002,0.00025
327,STX11,missense,-0.012,0.052375
328,RAB27A,missense,0.001,-0.00025
329,PROKR2,missense,0.007,-0.0005
330,FGFR1,missense,0.0,-0.001125
331,PROKR2,missense,0.048,-0.0015
332,PROKR2,missense,-0.001,-0.000625
333,GNRHR,missense,-0.023,-0.007125
334,POLG,missense,0.025,-0.001875
335,C10orf2,missense,-0.183,-0.011
338,DSP,missense,0.045,0.026625
340,MYH7,missense,0.004,-0.0075
341,NEXN,missense,-0.019,-0.008625
342,MYH7,missense,-0.055,-0.00975
344,DSP,missense,0.016,0.00725
345,JUP,missense,0.019,-0.016
347,JUP,missense,0.007,-0.02475
350,BMPR2,missense,0.005,0.006875
353,PDX1,missense,0.021,-0.02075
354,NEUROD1,missense,0.044,0.045
358,PROK2,missense,0.045,0.023
359,GNRHR,missense,0.0,-0.000875
360,ABCC9,missense,0.0,0.00325
363,NEXN,missense,0.02,-0.006125
366,ATP2B3,missense,0.034,0.00975
367,LAMA1,missense,-0.023,-0.02075
368,LAMA1,missense,-0.009,-0.000125
369,DSP,missense,0.043,-0.03625
370,PRPH2,missense,-0.086,-0.038
373,C10orf2,missense,-0.046,-0.0095
