ID,Gene_name,Variant_effect,DTango,DTango_envt
1,KCNQ1,missense,44.6607631,2.36367125
4,GJB3,missense,0.0,0.0
5,GJB3,missense,0.1388,0.0994125
7,SLC26A4,missense,-0.289717,-0.21728775
8,FOXI1,missense,0.0,0.0
9,CDH23,missense,1.09282,0.632191875
10,ATP2B2,missense,0.0,0.0
14,CDH23,missense,-61.1615,-35.3913575
15,CDH23,missense,0.0,0.0
17,DYNC2H1,missense,0.0,0.064291125
18,NPHS2,missense,-50.8883,-31.462683375
20,PROKR2,missense,98.8409,24.45644625
21,KAL1,missense,-0.141933,-0.0709665
22,FGFR1,missense,0.0,0.0
24,FGFR1,missense,0.0,0.0
25,GNRHR,missense,14.842087,9.2604375
26,GNRHR,missense,0.0,0.0
27,KAL1,missense,0.458211,0.27515275
28,NSMF,missense,0.240983,0.120491375
33,TJP2,missense,3.199139,1.6469695
35,OTUD4,missense,0.0,0.0
36,RNF216,missense,0.0,0.0
37,EDNRB,missense,0.0,4e-08
39,PARK7,missense,0.431857,0.23951175
40,PINK1,missense,-87.377175,-52.70469625
43,CYP1B1,missense,0.0,0.0
44,MYOC,missense,-38.976377,-20.690599
45,MYOC,missense,0.0,-0.44137
47,TYR,missense,0.0,0.0
48,OCA2,missense,1.0798,0.4562750834
50,OCA2,missense,0.0,0.0
54,FGG,missense,5.62919,2.841701875
55,FGA,missense,0.0,0.0
56,SLC3A1,missense,17.0843,13.563025
57,SLC7A9,missense,12.725609,6.19185125
58,SLC7A9,missense,0.0,-6.33749999999e-05
59,SLC3A1,missense,0.0,2.75e-05
61,FZD4,missense,0.0,1.25000000004e-05
62,LRP5,missense,0.126879,0.079299375
63,HAMP,missense,0.0,0.746588625
66,LMNA,missense,0.0,0.0
67,GDAP1,missense,0.0,0.0
69,CPOX,missense,0.119733,0.08979975
70,ALAD,missense,0.0,0.0
71,POLG,missense,-0.83935,-0.567754375
72,SCN1A,missense,-1.1395,-0.32472625
73,SCN2A,missense,0.0,0.0
75,GGCX,missense,39.5534,21.96982625
76,PITX2,missense,0.0,0.0
78,KRT14,missense,0.0,0.0
79,KRT5,missense,11.262476,5.63172125
80,F5,missense,0.0,0.0
84,HFE,missense,-0.72256,-0.36128
86,KCNQ1,missense,-47.3186,-1.98821
87,KCNE1,missense,0.0,0.0
88,KCNQ1,missense,33.7268,20.66845
89,KCNE1,missense,0.0,0.003025
90,KCNQ1,missense,-20.7839,-7.0441775
91,KCNQ1,missense,0.0,-1.1287865
92,KCNH2,missense,0.0,0.0
93,KCNE1,missense,0.0,-0.0008875
94,KCNH2,missense,-1.2514,-0.5672625
95,KCNH2,missense,-78.59514,-39.37527075
97,KCNH2,missense,-0.4778,-0.3488875
98,KCNH2,missense,0.0225767,8.6767470875
99,KCNH2,missense,0.0,0.0
100,SCN5A,missense,-1.4103,-7.1921911125
101,KCNE1,missense,0.0,0.0
102,SCN5A,missense,-13.0828,-7.136645
105,KCNQ1,missense,0.0,0.0
106,KCNH2,missense,0.0,0.0
107,SCN5A,missense,0.0,0.0
108,KCNH2,missense,-3.475732,-2.461117875
109,KCNE2,missense,0.3327,0.24135
110,CAV3,missense,-2.18479,-1.2973481412
111,KCNH2,missense,0.0,0.0
112,BBS2,missense,-1.416772,-0.837284
113,MKKS,missense,0.0,0.0
115,MKKS,missense,12.28173,7.22909
118,BBS4,missense,0.0,0.0
119,BBS2,missense,0.0,0.0
120,BBS1,missense,0.0,29.10312875
121,BBS7,missense,-1.07361,-0.551661125
123,BBS1,missense,9.51687,5.177865
124,MKKS,missense,0.0,0.0
126,MKKS,missense,0.0,-0.0018625
127,BBS2,missense,0.0,0.0
128,BBS4,missense,0.0,0.0
130,BBS4,missense,0.0,0.0
131,BBS2,missense,0.0,0.0
132,BBS4,missense,0.0,-0.0001695
136,BBS7,missense,0.0,0.0
140,BBS2,missense,-78.7324,-55.3366953125
141,BBS2,missense,0.0,-0.0179925
143,CEP290,missense,0.0,0.0
144,BBS10,missense,-33.4036,11.3440034437
146,BBS5,missense,-16.4066,-5.89846
149,BBS10,missense,0.0,0.0
151,BBS12,missense,0.0,0.0097025
152,BBS12,missense,0.0,0.0
153,BBS10,missense,0.0,0.0
155,BBS4,missense,0.0,0.0
157,BBS10,missense,0.0,0.0
159,BBS10,missense,0.0,0.0
163,BBS10,missense,-0.8822319,-0.249109525
165,BBS12,missense,0.0,-0.0232625
167,BBS12,missense,3.234223,0.06929
168,MKKS,missense,0.0,0.0
170,BBS2,missense,0.0,0.2724625
171,BBS10,missense,-4.63815,-2.378427125
174,TTC8,missense,0.0,0.0
175,BBS9,missense,0.0,0.0
178,MKKS,missense,-1.85691,5.0386125
179,BBS10,missense,-7.37803,-3.89786075
180,ARL6,missense,0.0,0.0
181,TTC8,missense,0.0,0.0
182,TTC8,missense,0.0,0.0
184,BBS12,missense,-54.6529,-37.121639925
185,BBS1,missense,0.0,4.65593575
186,NPHS2,missense,0.443781,0.2161675
187,CD2AP,missense,0.0,0.0
188,NPHS1,missense,0.0,0.0
191,NPHS1,missense,-0.313029,-0.1565145
192,TYR,missense,0.0,0.0
193,SLC45A2,missense,0.0,0.161715
195,SLC45A2,missense,0.0,-0.0198074978
196,OCA2,missense,0.4446,0.253825
197,SLC45A2,missense,9.31347,6.734869125
199,OCA2,missense,0.0964223,0.0856191875
200,IL10RA,missense,0.0,0.0001125
201,IL10RA,missense,0.0,0.0
202,NOD2,missense,0.0,-0.94124375
203,EDA,missense,0.069143,0.05112175
205,MTR,missense,0.0,0.0
206,MYO7A,missense,0.200691,0.1003455
208,EDA,missense,0.0,-0.00025625
209,WNT10A,missense,0.0,0.0
210,EDA,missense,9.12503,5.82063425
212,EDA,missense,0.0,0.0
213,WNT10A,missense,0.0,0.0
215,MYO6,missense,1.29822,0.694699125
217,CPT2,missense,-0.334157,-0.1670785
219,FGFR1,missense,-2.93976,-1.755299625
220,GNRHR,missense,-5.77689,-3.69519875
221,KAL1,missense,0.0,0.0
222,PROKR2,missense,0.00077729,0.000421210900003
223,FGFR1,missense,1.29595,0.69335125
224,KISS1R,missense,0.0,0.0
225,PROK2,missense,0.0,0.0027725
226,PROKR2,missense,0.0,0.0
227,FGFR1,missense,0.0,0.0
228,KAL1,missense,0.0,0.0
230,SCN5A,missense,0.0,0.0
231,KCNQ1,missense,30.9777,21.22916075
233,KCNJ10,missense,0.0,0.0
234,SLC26A4,missense,0.0,0.0
235,KCNJ10,missense,0.0,0.0
238,GDNF,missense,0.0,0.0
245,MFN2,missense,0.0,0.0
247,MYO7A,missense,0.0,0.0
248,CDH23,missense,-1.27095,2.83032625
250,CDH23,missense,-38.8921,-28.99051375
252,GPR98,missense,-33.5014,-21.448625
255,DFNB31,missense,0.0,0.0
256,MYO7A,missense,0.0,0.0
258,USH2A,missense,0.0,0.0
266,IL17RD,missense,57.5416,36.16525
267,FGFR1,missense,0.0,0.0
268,IL17RD,missense,0.0,0.0
269,KISS1R,missense,0.0,0.0
270,DUSP6,missense,0.0,0.0
271,FGFR1,missense,-98.4477,-61.616869
272,DUSP6,missense,0.0,0.0
274,DUSP6,missense,0.0,0.0
275,FGFR1,missense,0.0,0.0
276,FGFR1,missense,0.0,0.0
277,FLRT3,missense,0.0,0.00220875
279,ITGA7,missense,0.0,2.8625e-05
281,HNF4A,missense,-0.737305,-0.419424
283,NPHS2,missense,0.0,0.0
284,NPHS1,missense,0.0,0.0
286,EDA,missense,0.0,0.0
287,USH2A,missense,-1.30089,-0.650445
289,MKKS,missense,0.0,0.0
290,BBS2,missense,0.0,0.0
293,KAL1,missense,0.346235,0.192972625
295,LMNA,missense,0.0,0.0
296,PRF1,missense,-43.6095,-41.8195
298,PRF1,missense,-1.26878,-0.7470825
300,PRF1,missense,-0.870229,-0.43201175
301,UNC13D,missense,-0.204376,2.5553125
302,UNC13D,missense,0.0,0.0
303,UNC13D,missense,0.0,0.0
304,UNC13D,missense,-2.400233,-1.246589125
305,PRF1,missense,0.0,0.0
306,UNC13D,missense,0.0,0.0
307,UNC13D,missense,-0.036744,-0.018372
308,PRF1,missense,-23.7222,-5.520343675
309,UNC13D,missense,0.0,0.0
310,UNC13D,missense,0.0,0.0
312,UNC13D,missense,-20.8647,-6.65013125
313,PRF1,missense,-0.119468,-0.060010375
314,UNC13D,missense,56.3073,29.34485
315,STXBP2,missense,0.0,0.0
316,PRF1,missense,0.0,0.000216375
317,STXBP2,missense,0.0,0.0
318,STXBP2,missense,0.0,0.0
320,STXBP2,missense,-0.1868,-0.11675
323,STXBP2,missense,0.0,0.0
324,UNC13D,missense,11.833533,5.31869375
325,STX11,missense,0.0,0.0
326,STXBP2,missense,0.0,0.0
327,STX11,missense,0.0,0.0
328,RAB27A,missense,0.6826,0.237175
329,PROKR2,missense,-8.86259,-2.0801155
330,FGFR1,missense,0.421429,0.28717375
331,PROKR2,missense,0.0,0.0
332,PROKR2,missense,45.4454,29.53462
333,GNRHR,missense,-49.0871,-34.4471415
334,POLG,missense,0.0,0.120560625
335,C10orf2,missense,0.0,0.0
338,DSP,missense,0.0,0.0
340,MYH7,missense,-8.87624,-4.39040775
341,NEXN,missense,0.0,0.0
342,MYH7,missense,1.68963,-11.18561
344,DSP,missense,0.0,0.0
345,JUP,missense,-1.83997,-2.392075
347,JUP,missense,0.0,0.0
350,BMPR2,missense,-0.183446,-0.091723
353,PDX1,missense,0.0,0.0
354,NEUROD1,missense,0.0,0.0
358,PROK2,missense,-12.0773,-7.25000875
359,GNRHR,missense,1.66746,2.799105125
360,ABCC9,missense,0.0,0.0
363,NEXN,missense,0.0,0.0
366,ATP2B3,missense,0.0,1.492462125
367,LAMA1,missense,-1.05106,-0.54015075
368,LAMA1,missense,0.0,-0.001175
369,DSP,missense,-7.135331,-3.603527875
370,PRPH2,missense,0.0,-7.7625e-05
373,C10orf2,missense,0.0,0.0
