ID,Gene_name,Variant_effect,prediction,prediction_envt
1,KCNQ1,missense,P,BBCB-POCE
4,GJB3,missense,G,BBBC-CPOP
5,GJB3,missense,C,BBBE-CCBB
7,SLC26A4,missense,A,PAAA-AAAA
8,FOXI1,missense,E,GPPO-EBBB
9,CDH23,missense,B,ABBB-BBCC
10,ATP2B2,missense,A,PCAA-AAAA
14,CDH23,missense,A,AAAA-AAAA
15,CDH23,missense,A,PPAA-AAAA
17,DYNC2H1,missense,G,BBCC-PCGA
18,NPHS2,missense,A,AAAB-CECP
20,PROKR2,missense,A,AAAA-AAAA
21,KAL1,missense,B,BBBB-CBPC
22,FGFR1,missense,B,BBBB-PEGC
24,FGFR1,missense,C,PCPP-CCPP
25,GNRHR,missense,B,GBBB-AAPE
26,GNRHR,missense,A,PPAA-AAAA
27,KAL1,missense,B,CPCP-BBBB
28,NSMF,missense,A,AGCC-AAAA
33,TJP2,missense,B,BEBB-BEEP
35,OTUD4,missense,E,CCCC-PCPB
36,RNF216,missense,A,BBBB-PGPC
37,EDNRB,missense,C,AAAA-GAAA
39,PARK7,missense,C,BBEC-GCPP
40,PINK1,missense,O,GCBP-CCBB
43,CYP1B1,missense,C,BECC-BPBC
44,MYOC,missense,G,CCCG-ABBB
45,MYOC,missense,B,CGPB-BBBB
47,TYR,missense,A,AAAA-CGPP
48,OCA2,missense,A,CACG-BBBB
50,OCA2,missense,E,PPOC-AAAA
54,FGG,missense,G,PACC-BBBB
55,FGA,missense,P,EEEP-EOBB
56,SLC3A1,missense,B,BAAG-BBBC
57,SLC7A9,missense,C,GBBB-CECG
58,SLC7A9,missense,E,BCCC-PPOA
59,SLC3A1,missense,C,BPCC-CCCB
61,FZD4,missense,A,AAAA-CGCP
62,LRP5,missense,B,BBBB-CGGC
63,HAMP,missense,E,BBBC-PCGG
66,LMNA,missense,A,AAAA-AAAA
67,GDAP1,missense,A,CBBO-AAAA
69,CPOX,missense,E,BBBE-EPPC
70,ALAD,missense,C,CCEC-BPAA
71,POLG,missense,E,BBBC-BBBB
72,SCN1A,missense,A,AAAA-BCEC
73,SCN2A,missense,B,AAAA-BPCP
75,GGCX,missense,B,AABB-BCEE
76,PITX2,missense,C,BCCG-AAAA
78,KRT14,missense,A,AAAA-AAAA
79,KRT5,missense,A,CACA-AAAA
80,F5,missense,C,CAAA-GAAA
84,HFE,missense,B,CBBB-BBCP
86,KCNQ1,missense,P,BBCB-POCE
87,KCNE1,missense,O,PCCP-POBB
88,KCNQ1,missense,E,BBBC-CGBB
89,KCNE1,missense,C,BBBA-AAAA
90,KCNQ1,missense,B,BBBB-BECE
91,KCNQ1,missense,A,EBCE-PACC
92,KCNH2,missense,P,PCCE-PGEO
93,KCNE1,missense,C,GPCC-CPOC
94,KCNH2,missense,A,AAAA-AAAA
95,KCNH2,missense,G,ABBB-PCCC
97,KCNH2,missense,A,BBBB-BAEC
98,KCNH2,missense,P,PPBP-CBBB
99,KCNH2,missense,C,CBPC-CEPB
100,SCN5A,missense,A,PCGA-AAAA
101,KCNE1,missense,B,PEBP-BPOC
102,SCN5A,missense,A,OCAA-AAAA
105,KCNQ1,missense,C,AGBP-CGEB
106,KCNH2,missense,P,CEOE-PCBO
107,SCN5A,missense,A,ACAA-CCAA
108,KCNH2,missense,P,AABB-CCGC
109,KCNE2,missense,C,ACEC-CBBB
110,CAV3,missense,C,ACAC-CCGP
111,KCNH2,missense,P,EOEP-EPEO
112,BBS2,missense,G,AAAA-AGGP
113,MKKS,missense,C,BBBB-EPCE
115,MKKS,missense,A,AAAA-BBBB
118,BBS4,missense,A,AAAA-AAAC
119,BBS2,missense,B,BBBB-CGAP
120,BBS1,missense,C,BPPO-AAAA
121,BBS7,missense,P,BBBE-CCGA
123,BBS1,missense,B,GBBB-BBCE
124,MKKS,missense,A,PAAA-CAAA
126,MKKS,missense,C,BBOC-CPCE
127,BBS2,missense,A,AAAA-AAAA
128,BBS4,missense,A,AEAA-AAAA
130,BBS4,missense,O,PPOP-PBBC
131,BBS2,missense,A,AAAA-AAAA
132,BBS4,missense,A,AAAA-GAAA
136,BBS7,missense,E,BCPO-OPBA
140,BBS2,missense,B,ABBB-BCGG
141,BBS2,missense,A,AAAA-AAAA
143,CEP290,missense,A,CCGA-AAAA
144,BBS10,missense,A,BBAA-AACC
146,BBS5,missense,G,BBBB-BBBB
149,BBS10,missense,A,GEAA-AAAA
151,BBS12,missense,G,BPCC-CGCB
152,BBS12,missense,B,CGBB-BCGG
153,BBS10,missense,A,PBAA-AAAA
155,BBS4,missense,B,EPEE-PBBB
157,BBS10,missense,A,AAAA-AAAA
159,BBS10,missense,B,PCPB-GCPC
163,BBS10,missense,C,CCGC-BBBB
165,BBS12,missense,G,AAAA-AGBB
167,BBS12,missense,A,AAAA-AAAA
168,MKKS,missense,B,BBEB-BOCC
170,BBS2,missense,A,AAEA-AAAA
171,BBS10,missense,C,BBBB-CGEA
174,TTC8,missense,B,ECGC-BCCP
175,BBS9,missense,A,ACGA-ABAB
178,MKKS,missense,A,AGAA-ABBA
179,BBS10,missense,B,GBBB-BBBB
180,ARL6,missense,B,CCGP-BBBB
181,TTC8,missense,A,PPEP-AAPB
182,TTC8,missense,B,GCBB-BOEB
184,BBS12,missense,O,BCCB-CCPB
185,BBS1,missense,B,CCCC-PBPE
186,NPHS2,missense,A,AACA-AAAA
187,CD2AP,missense,P,CPPC-PGPP
188,NPHS1,missense,P,PCPB-BBPC
191,NPHS1,missense,C,AAAA-EACC
192,TYR,missense,C,EBPC-CCBO
193,SLC45A2,missense,E,BBBC-POCB
195,SLC45A2,missense,C,CCCC-EOPB
196,OCA2,missense,B,BBBG-BBEB
197,SLC45A2,missense,E,BBBC-CEEP
199,OCA2,missense,P,CEEP-BBCE
200,IL10RA,missense,B,GCAA-BBAC
201,IL10RA,missense,C,CCEC-PPPB
202,NOD2,missense,A,AAAA-GAAA
203,EDA,missense,C,BBBB-EAAA
205,MTR,missense,O,CGBP-POGP
206,MYO7A,missense,A,AAGA-AAAA
208,EDA,missense,E,ACEC-PPBB
209,WNT10A,missense,A,AAAA-AAAA
210,EDA,missense,B,PBBB-BBCC
212,EDA,missense,A,AAAA-AAAG
213,WNT10A,missense,E,BBCE-BPPC
215,MYO6,missense,B,CCGA-BBBB
217,CPT2,missense,C,BBBB-EPPB
219,FGFR1,missense,B,BBBB-BBCC
220,GNRHR,missense,A,AAAA-AAAG
221,KAL1,missense,B,CCGG-CEPB
222,PROKR2,missense,A,AAAA-AAAA
223,FGFR1,missense,B,CCEG-BBBB
224,KISS1R,missense,B,OEOP-BBCC
225,PROK2,missense,P,PBOC-EPAB
226,PROKR2,missense,B,CCCB-BABC
227,FGFR1,missense,P,CPCP-PAAA
228,KAL1,missense,B,CCEP-ABAA
230,SCN5A,missense,C,CPBP-CGPO
231,KCNQ1,missense,B,BCEB-BBBB
233,KCNJ10,missense,B,BBBB-CEPO
234,SLC26A4,missense,C,BPCE-POOC
235,KCNJ10,missense,P,CGGP-BABB
238,GDNF,missense,A,AAAA-AAAA
245,MFN2,missense,A,GAAG-AAAC
247,MYO7A,missense,E,CPPC-PPBB
248,CDH23,missense,C,BEPP-AAAA
250,CDH23,missense,A,AAAA-GCGB
252,GPR98,missense,C,BBBB-ECPC
255,DFNB31,missense,B,GBBB-BCCC
256,MYO7A,missense,P,BCEE-PEPP
258,USH2A,missense,B,BPBB-BBCC
266,IL17RD,missense,C,AAAA-BPCC
267,FGFR1,missense,E,EGCC-BPCC
268,IL17RD,missense,P,AAAG-BPOA
269,KISS1R,missense,C,BBCC-PPAA
270,DUSP6,missense,B,CPBB-CCCC
271,FGFR1,missense,B,BPBB-BBBC
272,DUSP6,missense,C,CCPO-CPBP
274,DUSP6,missense,C,AAAA-CGCP
275,FGFR1,missense,P,BCGP-CECE
276,FGFR1,missense,A,PCPO-CAAC
277,FLRT3,missense,G,AAGG-BCGC
279,ITGA7,missense,B,OCAB-BCEE
281,HNF4A,missense,B,BBBB-CCGB
283,NPHS2,missense,A,AAAA-AAAA
284,NPHS1,missense,P,BCCB-CECC
286,EDA,missense,A,AAAA-GACP
287,USH2A,missense,A,CPAA-AAPP
289,MKKS,missense,C,CCCE-EBBG
290,BBS2,missense,B,GGPB-EBPP
293,KAL1,missense,B,CGBP-BBBP
295,LMNA,missense,A,AAAA-AAAA
296,PRF1,missense,A,BPCG-ABBB
298,PRF1,missense,A,ABOA-AAGA
300,PRF1,missense,C,BBBC-POEP
301,UNC13D,missense,A,AAAA-BCCC
302,UNC13D,missense,A,OGPB-AAAA
303,UNC13D,missense,C,AAPC-CCCC
304,UNC13D,missense,A,AAAA-AAGC
305,PRF1,missense,A,PCPP-AAEA
306,UNC13D,missense,A,CCCA-AAAA
307,UNC13D,missense,A,CGPO-ABAA
308,PRF1,missense,A,AAAA-AAAA
309,UNC13D,missense,A,AAAA-AAAA
310,UNC13D,missense,A,AAAA-AAAA
312,UNC13D,missense,A,AAAA-AAAA
313,PRF1,missense,E,BBBP-CCAA
314,UNC13D,missense,A,AAAA-AAAB
315,STXBP2,missense,C,GACA-BABA
316,PRF1,missense,C,BBCC-ECBB
317,STXBP2,missense,C,GAAA-CEOG
318,STXBP2,missense,A,AAAA-AAAA
320,STXBP2,missense,A,AAAA-AAAA
323,STXBP2,missense,C,CCCP-CPOA
324,UNC13D,missense,A,AAAA-AAAA
325,STX11,missense,A,AAAA-AAAA
326,STXBP2,missense,B,POAA-BCCE
327,STX11,missense,A,CBAA-AAAA
328,RAB27A,missense,A,AAAA-CCCG
329,PROKR2,missense,A,AAAA-GAAG
330,FGFR1,missense,A,AAAA-AAAA
331,PROKR2,missense,A,AAAA-ACGG
332,PROKR2,missense,B,CBGB-BBBB
333,GNRHR,missense,B,BBBB-BCCC
334,POLG,missense,A,EBPA-GAAB
335,C10orf2,missense,A,AAEA-AAAA
338,DSP,missense,B,GEBB-PBGG
340,MYH7,missense,G,AAAA-AAAA
341,NEXN,missense,A,AAAA-AAAA
342,MYH7,missense,A,AAAA-AAGA
344,DSP,missense,A,PBBB-AEBB
345,JUP,missense,A,AACA-GCCA
347,JUP,missense,C,CCCC-PPAA
350,BMPR2,missense,A,AAAA-AAAA
353,PDX1,missense,P,BPBP-BPBP
354,NEUROD1,missense,B,CBBB-BPPP
358,PROK2,missense,P,PPBP-CCCG
359,GNRHR,missense,A,AGAA-CABB
360,ABCC9,missense,A,AAAA-AAAC
363,NEXN,missense,A,AAAA-AAAA
366,ATP2B3,missense,G,BBBG-BBBB
367,LAMA1,missense,B,CAAA-AAAA
368,LAMA1,missense,C,BBGC-CGGG
369,DSP,missense,A,AAAA-AAAA
370,PRPH2,missense,B,CGCC-CCCC
373,C10orf2,missense,B,BBBB-PECC
